Run	age	treatment_time	sex	source_name	strain	tissue	treatment
SRR17261634	22_months	7-months	male	old-kidney	4F-het-C57BL/6	Kidney	Dox-4F
SRR17261635	22_months	7-months	male	old-kidney	4F-het-C57BL/6	Kidney	Dox-4F
SRR17261636	22_months	7-months	female	old-kidney	4F-het-C57BL/6	Kidney	Dox-4F
SRR17261637	22_months	7-months	female	old-kidney	4F-het-C57BL/6	Kidney	Dox-4F
SRR17261638	22_months	7-months	female	old-kidney	4F-het-C57BL/6	Kidney	Dox-4F
SRR17261639	22_months	7-months	male	old-kidney	C57BL/6	Kidney	Control
SRR17261640	22_months	7-months	male	old-kidney	C57BL/6	Kidney	Control
SRR17261641	22_months	7-months	male	old-kidney	C57BL/6	Kidney	Control
SRR17261642	22_months	7-months	male	old-kidney	C57BL/6	Kidney	Control
SRR17261643	22_months	7-months	female	old-kidney	C57BL/6	Kidney	Control
SRR17261644	22_months	7-months	male	old-liver	4F-het-C57BL/6	Liver	Dox-4F
SRR17261645	22_months	7-months	male	old-liver	4F-het-C57BL/6	Liver	Dox-4F
SRR17261646	22_months	7-months	female	old-liver	4F-het-C57BL/6	Liver	Dox-4F
SRR17261647	22_months	7-months	female	old-liver	4F-het-C57BL/6	Liver	Dox-4F
SRR17261648	22_months	7-months	female	old-liver	4F-het-C57BL/6	Liver	Dox-4F
SRR17261649	22_months	7-months	male	old-liver	C57BL/6	Liver	Control
SRR17261650	22_months	7-months	male	old-liver	C57BL/6	Liver	Control
SRR17261651	22_months	7-months	male	old-liver	C57BL/6	Liver	Control
SRR17261652	22_months	7-months	male	old-liver	C57BL/6	Liver	Control
SRR17261653	22_months	7-months	female	old-liver	C57BL/6	Liver	Control
SRR17261654	22_months	7-months	male	old-lung	4F-het-C57BL/6	Lung	Dox-4F
SRR17261655	22_months	7-months	male	old-lung	4F-het-C57BL/6	Lung	Dox-4F
SRR17261656	22_months	7-months	female	old-lung	4F-het-C57BL/6	Lung	Dox-4F
SRR17261657	22_months	7-months	female	old-lung	4F-het-C57BL/6	Lung	Dox-4F
SRR17261658	22_months	7-months	female	old-lung	4F-het-C57BL/6	Lung	Dox-4F
SRR17261659	22_months	7-months	male	old-lung	C57BL/6	Lung	Control
SRR17261660	22_months	7-months	male	old-lung	C57BL/6	Lung	Control
SRR17261661	22_months	7-months	male	old-lung	C57BL/6	Lung	Control
SRR17261662	22_months	7-months	male	old-lung	C57BL/6	Lung	Control
SRR17261663	22_months	7-months	female	old-lung	C57BL/6	Lung	Control
SRR17261664	22_months	7-months	male	old-muscle	4F-het-C57BL/6	Muscle	Dox-4F
SRR17261665	22_months	7-months	male	old-muscle	4F-het-C57BL/6	Muscle	Dox-4F
SRR17261666	22_months	7-months	female	old-muscle	4F-het-C57BL/6	Muscle	Dox-4F
SRR17261667	22_months	7-months	female	old-muscle	4F-het-C57BL/6	Muscle	Dox-4F
SRR17261668	22_months	7-months	female	old-muscle	4F-het-C57BL/6	Muscle	Dox-4F
SRR17261669	22_months	7-months	male	old-muscle	C57BL/6	Muscle	Control
SRR17261670	22_months	7-months	male	old-muscle	C57BL/6	Muscle	Control
SRR17261671	22_months	7-months	male	old-muscle	C57BL/6	Muscle	Control
SRR17261672	22_months	7-months	male	old-muscle	C57BL/6	Muscle	Control
SRR17261673	22_months	7-months	female	old-muscle	C57BL/6	Muscle	Control
SRR17261674	22_months	7-months	male	old-skin	4F-het-C57BL/6	Skin	Dox-4F
SRR17261675	22_months	7-months	male	old-skin	4F-het-C57BL/6	Skin	Dox-4F
SRR17261676	22_months	7-months	female	old-skin	4F-het-C57BL/6	Skin	Dox-4F
SRR17261677	22_months	7-months	female	old-skin	4F-het-C57BL/6	Skin	Dox-4F
SRR17261678	22_months	7-months	female	old-skin	4F-het-C57BL/6	Skin	Dox-4F
SRR17261679	22_months	7-months	male	old-skin	C57BL/6	Skin	Control
SRR17261680	22_months	7-months	male	old-skin	C57BL/6	Skin	Control
SRR17261681	22_months	7-months	male	old-skin	C57BL/6	Skin	Control
SRR17261682	22_months	7-months	male	old-skin	C57BL/6	Skin	Control
SRR17261683	22_months	7-months	female	old-skin	C57BL/6	Skin	Control
SRR17261684	22_months	7-months	male	old-spleen	4F-het-C57BL/6	Spleen	Dox-4F
SRR17261685	22_months	7-months	male	old-spleen	4F-het-C57BL/6	Spleen	Dox-4F
SRR17261686	22_months	7-months	female	old-spleen	4F-het-C57BL/6	Spleen	Dox-4F
SRR17261687	22_months	7-months	female	old-spleen	4F-het-C57BL/6	Spleen	Dox-4F
SRR17261688	22_months	7-months	female	old-spleen	4F-het-C57BL/6	Spleen	Dox-4F
SRR17261689	22_months	7-months	male	old-spleen	C57BL/6	Spleen	Control
SRR17261690	22_months	7-months	male	old-spleen	C57BL/6	Spleen	Control
SRR17261691	22_months	7-months	male	old-spleen	C57BL/6	Spleen	Control
SRR17261692	22_months	7-months	male	old-spleen	C57BL/6	Spleen	Control
SRR17261693	22_months	7-months	female	old-spleen	C57BL/6	Spleen	Control
SRR17261694	26_months	1-month	male	old-kidney	4F-het-C57BL/6	Kidney	Dox-4F
SRR17261695	26_months	1-month	male	old-kidney	4F-het-C57BL/6	Kidney	Dox-4F
SRR17261696	26_months	1-month	female	old-kidney	4F-het-C57BL/6	Kidney	Dox-4F
SRR17261697	26_months	1-month	male	old-kidney	4F-het-C57BL/6	Kidney	None
SRR17261698	26_months	1-month	male	old-kidney	4F-het-C57BL/6	Kidney	None
SRR17261699	26_months	1-month	female	old-kidney	4F-het-C57BL/6	Kidney	None
SRR17261700	26_months	1-month	male	old-liver	4F-het-C57BL/6	Liver	Dox-4F
SRR17261701	26_months	1-month	male	old-liver	4F-het-C57BL/6	Liver	Dox-4F
SRR17261702	26_months	1-month	female	old-liver	4F-het-C57BL/6	Liver	Dox-4F
SRR17261703	26_months	1-month	male	old-liver	4F-het-C57BL/6	Liver	None
SRR17261704	26_months	1-month	male	old-liver	4F-het-C57BL/6	Liver	None
SRR17261705	26_months	1-month	female	old-liver	4F-het-C57BL/6	Liver	None
SRR17261706	26_months	1-month	male	old-lung	4F-het-C57BL/6	Lung	Dox-4F
SRR17261707	26_months	1-month	male	old-lung	4F-het-C57BL/6	Lung	Dox-4F
SRR17261708	26_months	1-month	female	old-lung	4F-het-C57BL/6	Lung	Dox-4F
SRR17261709	26_months	1-month	male	old-lung	4F-het-C57BL/6	Lung	None
SRR17261710	26_months	1-month	male	old-lung	4F-het-C57BL/6	Lung	None
SRR17261711	26_months	1-month	female	old-lung	4F-het-C57BL/6	Lung	None
SRR17261712	26_months	1-month	male	old-muscle	4F-het-C57BL/6	Muscle	Dox-4F
SRR17261713	26_months	1-month	male	old-muscle	4F-het-C57BL/6	Muscle	Dox-4F
SRR17261714	26_months	1-month	female	old-muscle	4F-het-C57BL/6	Muscle	Dox-4F
SRR17261715	26_months	1-month	male	old-muscle	4F-het-C57BL/6	Muscle	None
SRR17261716	26_months	1-month	male	old-muscle	4F-het-C57BL/6	Muscle	None
SRR17261717	26_months	1-month	female	old-muscle	4F-het-C57BL/6	Muscle	None
SRR17261719	26_months	1-month	male	old-skin	4F-het-C57BL/6	Skin	Dox-4F
SRR17261720	26_months	1-month	female	old-skin	4F-het-C57BL/6	Skin	Dox-4F
SRR17261721	26_months	1-month	male	old-skin	4F-het-C57BL/6	Skin	None
SRR17261722	26_months	1-month	male	old-skin	4F-het-C57BL/6	Skin	None
SRR17261723	26_months	1-month	female	old-skin	4F-het-C57BL/6	Skin	None
SRR17261724	26_months	1-month	male	old-spleen	4F-het-C57BL/6	Spleen	Dox-4F
SRR17261725	26_months	1-month	male	old-spleen	4F-het-C57BL/6	Spleen	Dox-4F
SRR17261726	26_months	1-month	female	old-spleen	4F-het-C57BL/6	Spleen	Dox-4F
SRR17261727	26_months	1-month	male	old-spleen	4F-het-C57BL/6	Spleen	None
SRR17261728	26_months	1-month	male	old-spleen	4F-het-C57BL/6	Spleen	None
SRR17261729	26_months	1-month	female	old-spleen	4F-het-C57BL/6	Spleen	None
SRR17261730	3_months	1-month	male	young-kidney	4F-het-C57BL/6	Kidney	None
SRR17261731	3_months	1-month	male	young-kidney	4F-het-C57BL/6	Kidney	None
SRR17261732	3_months	1-month	female	young-kidney	4F-het-C57BL/6	Kidney	None
SRR17261733	3_months	1-month	female	young-kidney	4F-het-C57BL/6	Kidney	None
SRR17261734	3_months	1-month	male	young-liver	4F-het-C57BL/6	Liver	None
SRR17261735	3_months	1-month	male	young-liver	4F-het-C57BL/6	Liver	None
SRR17261736	3_months	1-month	female	young-liver	4F-het-C57BL/6	Liver	None
SRR17261737	3_months	1-month	female	young-liver	4F-het-C57BL/6	Liver	None
SRR17261738	3_months	1-month	male	young-lung	4F-het-C57BL/6	Lung	None
SRR17261739	3_months	1-month	male	young-lung	4F-het-C57BL/6	Lung	None
SRR17261740	3_months	1-month	female	young-lung	4F-het-C57BL/6	Lung	None
SRR17261741	3_months	1-month	female	young-lung	4F-het-C57BL/6	Lung	None
SRR17261742	3_months	1-month	male	young-muscle	4F-het-C57BL/6	Muscle	None
SRR17261743	3_months	1-month	male	young-muscle	4F-het-C57BL/6	Muscle	None
SRR17261744	3_months	1-month	female	young-muscle	4F-het-C57BL/6	Muscle	None
SRR17261745	3_months	1-month	female	young-muscle	4F-het-C57BL/6	Muscle	None
SRR17261746	3_months	1-month	male	young-skin	4F-het-C57BL/6	Skin	None
SRR17261747	3_months	1-month	male	young-skin	4F-het-C57BL/6	Skin	None
SRR17261748	3_months	1-month	female	young-skin	4F-het-C57BL/6	Skin	None
SRR17261749	3_months	1-month	female	young-skin	4F-het-C57BL/6	Skin	None
SRR17261750	3_months	1-month	male	young-spleen	4F-het-C57BL/6	Spleen	None
SRR17261751	3_months	1-month	male	young-spleen	4F-het-C57BL/6	Spleen	None
SRR17261752	3_months	1-month	female	young-spleen	4F-het-C57BL/6	Spleen	None
SRR17261753	3_months	1-month	female	young-spleen	4F-het-C57BL/6	Spleen	None
SRR17261754	22_months	10-months	male	old-kidney	4F-het-C57BL/6	Kidney	Dox-4F
SRR17261755	22_months	10-months	female	old-kidney	4F-het-C57BL/6	Kidney	Dox-4F
SRR17261756	22_months	10-months	female	old-kidney	4F-het-C57BL/6	Kidney	Dox-4F
SRR17261757	22_months	10-months	female	old-kidney	4F-het-C57BL/6	Kidney	None
SRR17261758	22_months	10-months	female	old-kidney	4F-het-C57BL/6	Kidney	None
SRR17261759	22_months	10-months	male	old-kidney	4F-het-C57BL/6	Kidney	None
SRR17261760	22_months	10-months	male	old-liver	4F-het-C57BL/6	Liver	Dox-4F
SRR17261761	22_months	10-months	female	old-liver	4F-het-C57BL/6	Liver	Dox-4F
SRR17261762	22_months	10-months	female	old-liver	4F-het-C57BL/6	Liver	Dox-4F
SRR17261763	22_months	10-months	female	old-liver	4F-het-C57BL/6	Liver	None
SRR17261764	22_months	10-months	female	old-liver	4F-het-C57BL/6	Liver	None
SRR17261765	22_months	10-months	male	old-liver	4F-het-C57BL/6	Liver	None
SRR17261766	22_months	10-months	male	old-lung	4F-het-C57BL/6	Lung	Dox-4F
SRR17261767	22_months	10-months	female	old-lung	4F-het-C57BL/6	Lung	Dox-4F
SRR17261768	22_months	10-months	female	old-lung	4F-het-C57BL/6	Lung	Dox-4F
SRR17261769	22_months	10-months	female	old-lung	4F-het-C57BL/6	Lung	None
SRR17261770	22_months	10-months	female	old-lung	4F-het-C57BL/6	Lung	None
SRR17261771	22_months	10-months	male	old-lung	4F-het-C57BL/6	Lung	None
SRR17261772	22_months	10-months	male	old-skeletal-muscle	4F-het-C57BL/6	Skeletal Muscle	Dox-4F
SRR17261773	22_months	10-months	female	old-skeletal-muscle	4F-het-C57BL/6	Skeletal Muscle	Dox-4F
SRR17261774	22_months	10-months	female	old-skeletal-muscle	4F-het-C57BL/6	Skeletal Muscle	Dox-4F
SRR17261775	22_months	10-months	female	old-skeletal-muscle	4F-het-C57BL/6	Skeletal Muscle	None
SRR17261776	22_months	10-months	female	old-skeletal-muscle	4F-het-C57BL/6	Skeletal Muscle	None
SRR17261777	22_months	10-months	male	old-skeletal-muscle	4F-het-C57BL/6	Skeletal Muscle	None
SRR17261778	22_months	10-months	male	old-skin	4F-het-C57BL/6	Skin	Dox-4F
SRR17261779	22_months	10-months	female	old-skin	4F-het-C57BL/6	Skin	Dox-4F
SRR17261780	22_months	10-months	female	old-skin	4F-het-C57BL/6	Skin	Dox-4F
SRR17261781	22_months	10-months	female	old-skin	4F-het-C57BL/6	Skin	None
SRR17261782	22_months	10-months	female	old-skin	4F-het-C57BL/6	Skin	None
SRR17261783	22_months	10-months	male	old-skin	4F-het-C57BL/6	Skin	None
SRR17261784	22_months	10-months	male	old-spleen	4F-het-C57BL/6	Spleen	Dox-4F
SRR17261785	22_months	10-months	female	old-spleen	4F-het-C57BL/6	Spleen	Dox-4F
SRR17261786	22_months	10-months	female	old-spleen	4F-het-C57BL/6	Spleen	Dox-4F
SRR17261787	22_months	10-months	female	old-spleen	4F-het-C57BL/6	Spleen	None
SRR17261788	22_months	10-months	female	old-spleen	4F-het-C57BL/6	Spleen	None
SRR17261789	22_months	10-months	male	old-spleen	4F-het-C57BL/6	Spleen	None
SRR17261790	25_months	10-months	male	old-kidney	C57BL/6	Kidney	Dox-4F
SRR17261791	25_months	10-months	male	old-kidney	C57BL/6	Kidney	Dox-4F
SRR17261792	25_months	10-months	male	old-kidney	C57BL/6	Kidney	None
SRR17261793	25_months	10-months	male	old-kidney	C57BL/6	Kidney	None
SRR17261794	25_months	10-months	male	old-liver	C57BL/6	Liver	Dox-4F
SRR17261795	25_months	10-months	male	old-liver	C57BL/6	Liver	Dox-4F
SRR17261796	25_months	10-months	male	old-liver	C57BL/6	Liver	None
SRR17261797	25_months	10-months	male	old-liver	C57BL/6	Liver	None
SRR17261798	25_months	10-months	male	old-lung	C57BL/6	Lung	Dox-4F
SRR17261799	25_months	10-months	male	old-lung	C57BL/6	Lung	Dox-4F
SRR17261800	25_months	10-months	male	old-lung	C57BL/6	Lung	None
SRR17261801	25_months	10-months	male	old-lung	C57BL/6	Lung	None
SRR17261802	25_months	10-months	male	old-skeletal-muscle	C57BL/6	Skeletal Muscle	Dox-4F
SRR17261803	25_months	10-months	male	old-skeletal-muscle	C57BL/6	Skeletal Muscle	Dox-4F
SRR17261804	25_months	10-months	male	old-skeletal-muscle	C57BL/6	Skeletal Muscle	None
SRR17261805	25_months	10-months	male	old-skeletal-muscle	C57BL/6	Skeletal Muscle	None
SRR17261806	25_months	10-months	male	old-skin	C57BL/6	Skin	Dox-4F
SRR17261807	25_months	10-months	male	old-skin	C57BL/6	Skin	Dox-4F
SRR17261808	25_months	10-months	male	old-skin	C57BL/6	Skin	None
SRR17261809	25_months	10-months	male	old-skin	C57BL/6	Skin	None
SRR17261810	25_months	10-months	male	old-spleen	C57BL/6	Spleen	Dox-4F
SRR17261811	25_months	10-months	male	old-spleen	C57BL/6	Spleen	Dox-4F
SRR17261812	25_months	10-months	male	old-spleen	C57BL/6	Spleen	None
SRR17261813	25_months	10-months	male	old-spleen	C57BL/6	Spleen	None
SRR17261718	26_months	1-month	male	old-skin	4F-het-C57BL/6	Skin	Dox-4F
